date,precipitation_sum,rain_sum,temperature_2m_max,temperature_2m_min,wind_speed_10m_max,shortwave_radiation_sum,sunshine_duration,target
2023-01-01,18.4,18.4,18.4,11.7,33.9,3.9,16962.52,1
2023-01-02,0.1,0.1,15.2,8.5,11.0,8.33,27320.48,1
2023-01-03,0.0,0.0,14.9,7.1,13.6,9.83,32410.75,0
2023-01-04,0.0,0.0,14.3,7.7,15.5,9.99,32725.95,0
2023-01-05,0.0,0.0,14.2,8.1,12.8,9.83,32697.7,0
2023-01-06,0.0,0.0,15.6,8.1,14.0,7.21,24703.96,0
2023-01-07,9.1,9.1,16.4,14.5,30.6,2.73,4229.21,1
2023-01-08,4.0,4.0,17.2,15.1,28.9,4.49,12978.45,1
2023-01-09,1.3,1.3,17.6,12.0,19.4,7.27,25200.0,1
2023-01-10,0.8,0.8,17.2,12.9,11.7,5.77,17189.6,1
2023-01-11,2.3,2.3,16.8,10.7,17.9,9.37,32527.85,1
2023-01-12,0.0,0.0,15.4,8.1,10.9,10.27,32400.0,0
2023-01-13,0.0,0.0,16.2,8.4,7.6,9.61,32786.5,0
2023-01-14,0.1,0.1,14.3,9.6,7.3,5.18,7366.86,1
2023-01-15,0.3,0.3,14.2,9.7,19.3,9.18,30271.96,1
2023-01-16,0.8,0.8,15.2,12.4,27.6,7.68,32400.0,1
2023-01-17,1.8,1.8,14.8,10.2,32.8,7.55,29050.83,1
2023-01-18,0.2,0.2,12.3,9.2,25.5,8.87,33956.6,1
2023-01-19,0.8,0.8,13.4,6.9,22.0,5.08,13573.1,1
2023-01-20,0.6,0.6,16.9,12.9,20.3,7.88,26623.4,1
2023-01-21,0.0,0.0,16.7,12.4,25.4,8.86,34507.66,0
2023-01-22,0.0,0.0,12.4,8.1,18.4,11.69,34911.89,0
2023-01-23,0.0,0.0,13.6,6.2,17.9,11.89,34980.15,0
2023-01-24,0.0,0.0,11.2,5.8,20.7,11.91,35049.04,0
2023-01-25,0.0,0.0,11.3,5.1,18.3,12.0,35118.46,0
2023-01-26,0.2,0.2,13.1,4.3,30.3,9.33,32981.49,1
2023-01-27,0.0,0.0,13.6,6.1,22.6,12.02,35258.56,0
2023-01-28,0.0,0.0,11.8,6.2,20.2,12.41,35329.04,0
2023-01-29,0.0,0.0,11.4,4.8,18.9,12.54,35399.67,0
2023-01-30,0.0,0.0,12.1,4.3,17.1,12.72,35470.38,0
2023-01-31,0.0,0.0,13.2,5.3,14.8,12.86,35541.06,0
2023-02-01,0.0,0.0,12.6,3.8,10.6,12.85,35611.64,0
2023-02-02,0.0,0.0,13.1,5.6,14.0,13.08,35682.02,0
2023-02-03,0.0,0.0,15.4,6.2,14.3,13.26,35752.11,0
2023-02-04,0.0,0.0,17.4,7.4,14.2,13.5,35821.84,0
2023-02-05,0.0,0.0,16.6,7.7,19.2,13.76,35891.11,0
2023-02-06,0.0,0.0,17.5,6.9,12.3,13.78,35959.86,0
2023-02-07,0.0,0.0,14.1,7.0,24.3,13.09,36000.0,0
2023-02-08,11.0,11.0,10.7,6.7,25.2,4.17,3477.16,1
2023-02-09,0.0,0.0,16.9,8.5,20.9,13.21,36000.0,0
2023-02-10,0.0,0.0,14.7,8.0,21.9,12.18,33693.33,0
2023-02-11,0.0,0.0,13.7,7.4,21.0,9.8,25285.99,0
2023-02-12,0.0,0.0,14.9,9.0,17.7,8.31,22451.78,0
2023-02-13,0.0,0.0,17.1,8.5,14.2,11.63,34151.2,0
2023-02-14,3.8,3.8,17.0,8.0,17.6,13.33,34038.38,1
2023-02-15,8.8,8.8,18.2,10.8,17.3,12.9,33026.27,1
2023-02-16,0.0,0.0,17.7,9.1,20.0,14.96,36372.42,0
2023-02-17,0.0,0.0,18.8,9.9,21.4,14.83,36639.4,0
2023-02-18,1.5,1.5,17.6,10.9,17.7,13.64,34161.62,1
2023-02-19,0.0,0.0,18.3,10.8,15.8,14.69,36862.1,0
2023-02-20,0.0,0.0,17.8,9.7,11.7,12.25,33250.87,0
2023-02-21,0.4,0.4,17.2,8.3,13.5,14.17,36165.76,1
2023-02-22,0.2,0.2,16.1,8.0,17.3,10.72,36428.05,1
2023-02-23,0.0,0.0,12.8,8.0,26.3,15.8,37601.25,0
2023-02-24,4.2,4.2,12.3,4.8,13.0,13.8,34838.52,1
2023-02-25,0.5,0.5,13.3,5.3,15.1,11.5,29343.97,1
2023-02-26,0.5,0.5,14.7,7.2,14.4,13.64,37163.07,1
2023-02-27,0.0,0.0,13.7,7.6,13.3,11.41,34803.39,0
2023-02-28,0.0,0.0,13.4,6.3,17.8,16.01,32582.34,0
2023-03-01,0.0,0.0,12.8,4.6,15.3,16.45,38764.74,0
2023-03-02,0.0,0.0,13.6,3.4,13.7,17.98,38967.58,0
2023-03-03,0.0,0.0,14.8,4.8,10.5,16.77,37633.06,0
2023-03-04,0.0,0.0,13.5,5.6,8.6,10.35,18579.94,0
2023-03-05,7.5,7.5,14.2,8.4,17.5,7.3,10883.04,1
2023-03-06,7.3,7.3,14.9,11.5,22.0,4.86,3545.21,1
2023-03-07,1.0,1.0,17.5,11.1,23.0,12.59,28495.84,1
2023-03-08,3.9,3.9,16.5,14.4,30.9,8.36,14989.88,1
2023-03-09,14.6,14.6,17.6,14.0,26.0,14.56,37542.73,1
2023-03-10,0.2,0.2,17.0,14.3,15.3,13.5,24524.5,1
2023-03-11,0.4,0.4,19.2,14.6,16.6,13.85,33198.35,1
2023-03-12,0.0,0.0,19.0,11.8,10.6,14.59,27511.77,0
2023-03-13,0.3,0.3,18.3,12.4,22.3,16.23,30391.01,1
2023-03-14,0.0,0.0,18.3,9.3,13.7,17.5,41407.23,0
2023-03-15,0.0,0.0,19.3,10.0,11.7,20.1,41951.31,0
2023-03-16,0.5,0.5,17.3,9.2,17.1,14.62,21318.12,1
2023-03-17,0.5,0.5,16.6,12.7,23.0,15.55,36479.87,1
2023-03-18,0.2,0.2,17.3,10.6,17.7,13.52,39603.85,1
2023-03-19,0.0,0.0,19.8,10.6,15.3,20.55,42186.81,0
2023-03-20,0.0,0.0,20.2,10.6,14.2,20.35,41223.19,0
2023-03-21,0.0,0.0,21.2,9.8,17.4,20.35,42303.44,0
2023-03-22,0.0,0.0,18.7,8.1,12.8,20.64,39600.0,0
2023-03-23,0.0,0.0,17.2,10.0,18.8,14.99,36007.25,0
2023-03-24,1.0,1.0,19.5,12.1,16.6,15.11,36348.52,1
2023-03-25,0.0,0.0,18.5,10.3,14.9,20.67,39899.46,0
2023-03-26,0.0,0.0,18.9,11.8,16.9,21.01,41290.22,0
2023-03-27,0.0,0.0,22.9,10.9,16.1,22.3,42649.89,0
2023-03-28,0.0,0.0,24.3,11.6,13.6,21.9,42769.23,0
2023-03-29,0.0,0.0,21.0,11.2,16.8,22.01,43073.81,0
2023-03-30,0.0,0.0,18.8,13.5,18.0,17.93,32983.49,0
2023-03-31,0.2,0.2,19.7,12.3,17.2,17.18,34638.93,1
2023-04-01,0.7,0.7,19.6,10.8,22.0,13.37,24591.99,1
2023-04-02,0.0,0.0,22.1,11.7,19.0,23.22,44001.8,0
2023-04-03,0.0,0.0,21.3,10.9,24.9,20.47,40107.97,0
2023-04-04,1.9,1.9,25.0,11.9,25.1,22.4,39506.74,1
2023-04-05,0.0,0.0,25.4,14.1,23.8,24.83,45551.11,0
2023-04-06,0.0,0.0,26.3,12.6,15.5,24.48,45677.78,0
2023-04-07,0.0,0.0,22.6,12.2,15.8,24.45,45767.02,0
2023-04-08,0.0,0.0,23.7,10.5,10.8,24.54,45726.23,0
2023-04-09,0.0,0.0,25.1,10.9,16.9,24.75,45943.14,0
2023-04-10,0.0,0.0,22.1,10.5,19.6,24.64,46031.16,0
2023-04-11,0.0,0.0,20.9,13.5,18.1,23.75,45309.21,0
2023-04-12,0.4,0.4,18.9,12.2,21.0,17.25,37558.02,1
2023-04-13,0.0,0.0,17.6,10.7,20.9,21.76,44756.59,0
2023-04-14,0.0,0.0,19.4,9.8,19.4,17.63,36265.67,0
2023-04-15,0.0,0.0,24.9,14.3,24.3,23.74,45152.04,0
2023-04-16,0.0,0.0,27.9,15.1,23.5,25.79,46555.63,0
2023-04-17,0.0,0.0,29.5,17.0,23.4,26.17,46641.61,0
2023-04-18,0.0,0.0,26.4,16.4,20.6,26.0,46504.04,0
2023-04-19,0.0,0.0,25.6,13.5,18.1,26.22,46800.0,0
2023-04-20,0.0,0.0,20.0,11.5,14.0,25.9,46800.0,0
2023-04-21,13.4,13.4,17.2,11.7,26.5,6.91,3151.57,1
2023-04-22,0.3,0.3,19.0,11.0,16.1,23.4,46800.0,1
2023-04-23,0.1,0.1,21.2,11.1,17.8,22.95,46800.0,1
2023-04-24,0.0,0.0,25.0,14.0,16.1,25.55,46313.07,0
2023-04-25,0.0,0.0,25.4,13.7,14.7,26.28,46800.0,0
2023-04-26,0.0,0.0,27.1,13.0,10.6,26.47,45650.17,0
2023-04-27,0.0,0.0,30.6,16.4,20.3,26.05,43200.0,0
2023-04-28,0.5,0.5,27.7,14.4,18.2,22.14,35391.92,1
2023-04-29,0.5,0.5,22.8,16.0,20.9,23.99,40703.05,1
2023-04-30,0.0,0.0,24.6,15.3,24.9,26.23,43200.0,0
2023-05-01,0.0,0.0,27.9,15.4,20.6,27.4,46800.0,0
2023-05-02,0.0,0.0,27.8,16.7,16.8,24.64,42128.79,0
2023-05-03,0.3,0.3,21.9,16.3,21.3,22.8,46800.0,1
2023-05-04,1.2,1.2,21.1,15.2,18.1,23.87,43658.91,1
2023-05-05,0.0,0.0,22.4,12.9,18.3,26.65,46899.91,0
2023-05-06,0.6,0.6,22.9,14.6,19.6,24.2,37203.19,1
2023-05-07,0.0,0.0,24.3,15.5,24.7,27.31,46847.41,0
2023-05-08,0.0,0.0,25.0,15.7,21.6,27.11,46821.37,0
2023-05-09,0.2,0.2,24.8,16.1,26.9,22.24,46681.97,1
2023-05-10,0.0,0.0,22.4,14.4,30.2,27.27,47085.25,0
2023-05-11,0.0,0.0,23.0,14.3,34.0,28.32,47060.41,0
2023-05-12,0.0,0.0,21.3,14.0,33.5,28.86,47479.21,0
2023-05-13,0.0,0.0,23.8,13.8,28.1,28.88,47429.08,0
2023-05-14,0.0,0.0,24.1,14.4,28.6,28.59,47698.18,0
2023-05-15,0.0,0.0,22.9,14.2,26.0,28.39,47282.2,0
2023-05-16,0.0,0.0,26.8,14.5,29.7,25.9,46197.78,0
2023-05-17,0.0,0.0,28.3,16.7,29.1,27.52,46803.09,0
2023-05-18,0.0,0.0,25.9,16.9,28.3,29.04,48478.62,0
2023-05-19,0.0,0.0,25.3,16.3,24.9,29.08,48758.85,0
2023-05-20,0.0,0.0,23.9,16.4,21.0,20.06,40398.47,0
2023-05-21,0.5,0.5,22.9,15.1,20.8,22.32,41550.8,1
2023-05-22,0.8,0.8,23.0,15.6,15.3,19.73,34731.81,1
2023-05-23,1.3,1.3,25.8,14.3,18.1,23.86,38750.18,1
2023-05-24,0.0,0.0,25.0,16.7,12.7,25.96,47314.91,0
2023-05-25,0.1,0.1,27.1,16.7,18.4,25.51,48859.53,1
2023-05-26,0.3,0.3,20.0,16.1,27.3,19.65,36000.0,1
2023-05-27,0.9,0.9,22.3,15.8,13.7,24.42,46945.07,1
2023-05-28,0.1,0.1,22.4,14.6,16.5,23.42,42326.0,1
2023-05-29,1.4,1.4,21.1,13.2,14.8,21.82,46683.07,1
2023-05-30,0.0,0.0,23.0,13.7,16.1,28.77,50340.48,0
2023-05-31,0.6,0.6,22.5,14.3,14.5,25.34,48135.22,1
2023-06-01,0.6,0.6,26.1,15.1,16.5,26.21,49962.55,1
2023-06-02,0.0,0.0,24.9,15.8,15.1,26.74,48294.79,0
2023-06-03,1.6,1.6,25.5,15.8,15.9,26.8,50245.63,1
2023-06-04,0.0,0.0,27.2,16.1,18.8,28.05,45741.99,0
2023-06-05,0.0,0.0,28.3,16.5,13.8,28.17,50375.6,0
2023-06-06,0.0,0.0,27.5,18.2,18.8,19.58,30465.64,0
2023-06-07,1.2,1.2,24.7,19.4,29.5,18.92,36100.57,1
2023-06-08,11.8,11.8,21.6,17.5,31.1,16.23,27749.17,1
2023-06-09,1.6,1.6,22.1,17.9,21.9,23.36,43897.07,1
2023-06-10,0.2,0.2,22.7,16.1,15.7,27.5,51180.74,1
2023-06-11,0.6,0.6,22.7,15.4,16.8,26.54,37467.89,1
2023-06-12,0.4,0.4,23.3,17.4,24.8,24.32,50766.17,1
2023-06-13,0.3,0.3,23.5,16.9,21.3,27.29,51421.57,1
2023-06-14,0.0,0.0,26.3,16.2,22.5,29.52,51291.7,0
2023-06-15,0.0,0.0,32.7,17.2,24.6,29.35,51985.79,0
2023-06-16,0.0,0.0,31.0,19.6,21.1,29.1,51343.81,0
2023-06-17,0.0,0.0,27.4,17.9,19.4,29.56,51702.84,0
2023-06-18,0.1,0.1,25.8,16.7,14.2,22.37,37377.8,1
2023-06-19,0.9,0.9,23.4,16.9,21.4,22.24,50443.74,1
2023-06-20,0.8,0.8,23.9,16.9,15.4,24.28,47167.98,1
2023-06-21,6.2,6.2,23.6,17.1,19.1,21.85,40429.36,1
2023-06-22,0.0,0.0,27.6,16.9,21.8,29.79,52136.57,0
2023-06-23,0.0,0.0,34.9,18.6,20.4,29.56,51809.28,0
2023-06-24,0.0,0.0,33.2,22.3,23.9,29.34,52151.67,0
2023-06-25,0.0,0.0,33.4,20.4,27.1,29.48,51825.26,0
2023-06-26,0.0,0.0,32.8,19.8,22.9,30.33,51833.83,0
2023-06-27,0.0,0.0,30.5,19.5,23.3,30.35,51174.07,0
2023-06-28,0.0,0.0,31.1,19.3,28.3,29.85,50515.46,0
2023-06-29,0.0,0.0,26.1,18.5,31.8,27.92,51528.59,0
2023-06-30,0.0,0.0,29.8,17.2,31.2,29.84,51873.7,0
2023-07-01,0.0,0.0,30.8,18.7,27.6,29.43,51551.73,0
2023-07-02,0.0,0.0,32.9,19.8,22.2,29.24,51564.25,0
2023-07-03,0.0,0.0,29.0,18.0,25.0,29.97,50577.89,0
2023-07-04,0.0,0.0,27.4,17.3,20.4,29.61,50592.47,0
2023-07-05,0.0,0.0,27.0,17.1,22.6,28.67,50393.0,0
2023-07-06,0.0,0.0,27.4,17.6,19.3,27.84,49801.32,0
2023-07-07,0.0,0.0,26.2,15.9,19.2,29.35,50935.5,0
2023-07-08,0.3,0.3,26.1,17.6,17.1,23.71,44989.86,1
2023-07-09,0.0,0.0,27.8,16.4,22.0,29.92,50932.36,0
2023-07-10,0.0,0.0,32.0,16.9,25.2,29.86,50928.62,0
2023-07-11,0.0,0.0,28.3,18.4,22.5,28.7,50284.18,0
2023-07-12,0.0,0.0,28.7,18.1,21.2,27.29,47937.61,0
2023-07-13,0.0,0.0,32.2,18.1,19.3,29.15,50578.79,0
2023-07-14,0.0,0.0,27.5,17.5,20.1,26.87,45634.84,0
2023-07-15,0.2,0.2,26.4,17.8,22.4,25.02,50229.48,1
2023-07-16,0.0,0.0,26.0,16.7,27.0,29.8,50216.87,0
2023-07-17,0.0,0.0,30.7,16.5,22.3,29.31,50202.49,0
2023-07-18,0.0,0.0,29.7,17.3,19.7,28.43,50072.45,0
2023-07-19,0.0,0.0,28.9,17.9,22.0,28.23,44353.3,0
2023-07-20,0.0,0.0,25.8,17.7,23.7,28.26,49994.61,0
2023-07-21,0.0,0.0,25.3,18.0,19.1,26.74,49632.88,0
2023-07-22,0.0,0.0,27.8,17.3,27.7,27.5,49909.46,0
2023-07-23,0.0,0.0,26.6,16.9,24.2,28.72,49864.28,0
2023-07-24,0.2,0.2,26.1,18.1,21.9,26.13,48813.16,1
2023-07-25,0.0,0.0,25.9,16.9,25.5,28.34,49768.96,0
2023-07-26,0.0,0.0,32.4,17.1,25.3,28.38,49718.91,0
2023-07-27,0.0,0.0,25.7,18.2,19.6,23.1,47590.93,0
2023-07-28,0.0,0.0,28.3,17.4,17.1,26.4,46784.71,0
2023-07-29,0.1,0.1,28.9,19.2,18.4,23.55,46760.39,1
2023-07-30,0.0,0.0,29.4,18.3,20.5,27.84,49503.94,0
2023-07-31,0.0,0.0,27.9,17.3,21.7,27.5,48634.43,0
2023-08-01,0.0,0.0,29.0,19.1,24.0,24.45,43200.0,0
2023-08-02,0.1,0.1,27.7,19.5,24.7,19.19,31988.13,1
2023-08-03,0.0,0.0,26.0,17.9,32.0,27.92,48705.2,0
2023-08-04,0.0,0.0,31.3,16.9,28.1,28.03,48416.79,0
2023-08-05,0.0,0.0,36.8,20.7,23.5,27.47,48130.2,0
2023-08-06,0.0,0.0,39.2,22.3,21.8,27.26,48157.63,0
2023-08-07,0.0,0.0,37.6,24.9,23.8,27.01,47874.48,0
2023-08-08,0.0,0.0,28.6,19.1,18.6,25.74,47593.45,0
2023-08-09,0.0,0.0,26.7,19.4,16.2,23.18,36514.45,0
2023-08-10,0.0,0.0,32.0,18.3,18.7,25.69,40147.04,0
2023-08-11,0.0,0.0,32.8,18.6,21.4,26.74,47071.38,0
2023-08-12,0.0,0.0,31.5,19.3,23.3,25.6,46800.0,0
2023-08-13,0.0,0.0,27.3,17.6,21.5,26.47,46833.49,0
2023-08-14,0.0,0.0,27.9,17.1,19.2,26.0,46800.0,0
2023-08-15,0.0,0.0,28.5,17.9,20.0,22.99,46095.13,0
2023-08-16,0.0,0.0,27.4,17.3,20.8,25.27,46800.0,0
2023-08-17,0.0,0.0,28.9,17.2,18.3,24.93,46800.0,0
2023-08-18,0.2,0.2,25.6,19.2,16.2,18.96,32400.0,1
2023-08-19,0.1,0.1,27.5,20.1,14.8,20.63,36000.0,1
2023-08-20,0.0,0.0,33.0,21.1,21.5,24.58,46733.56,0
2023-08-21,0.0,0.0,37.5,20.7,26.1,24.82,46784.71,0
2023-08-22,0.0,0.0,32.8,21.2,14.8,24.03,46731.33,0
2023-08-23,0.0,0.0,35.0,20.4,15.6,24.38,46678.06,0
2023-08-24,0.0,0.0,34.6,18.6,19.1,24.55,46624.95,0
2023-08-25,0.0,0.0,32.2,19.5,21.3,21.56,46572.01,0
2023-08-26,0.0,0.0,25.6,18.9,26.3,22.75,40485.81,0
2023-08-27,0.0,0.0,25.8,17.6,30.3,24.72,46466.55,0
2023-08-28,0.0,0.0,28.0,17.8,29.5,24.2,46413.87,0
2023-08-29,0.0,0.0,27.0,17.7,31.0,23.96,46361.21,0
2023-08-30,0.0,0.0,26.9,18.0,28.9,23.21,46119.02,0
2023-08-31,0.0,0.0,29.8,18.2,23.8,23.61,45998.07,0
2023-09-01,0.0,0.0,26.8,17.3,18.8,21.8,36283.33,0
2023-09-02,0.6,0.6,25.2,17.3,22.2,21.03,41995.17,1
2023-09-03,8.9,8.9,24.4,16.2,17.2,14.93,32595.41,1
2023-09-04,15.6,15.6,21.5,16.3,26.7,9.05,12433.35,1
2023-09-05,3.1,3.1,24.0,17.5,20.5,18.37,39379.99,1
2023-09-06,0.1,0.1,24.8,17.7,14.6,16.69,32610.37,1
2023-09-07,0.7,0.7,25.2,18.5,16.7,20.01,43145.31,1
2023-09-08,9.3,9.3,24.3,19.1,21.3,15.57,32895.33,1
2023-09-09,1.8,1.8,24.5,18.2,15.5,19.69,43418.65,1
2023-09-10,7.0,7.0,22.6,17.0,14.8,12.37,25881.3,1
2023-09-11,0.2,0.2,24.6,16.5,13.6,19.7,40187.54,1
2023-09-12,2.0,2.0,24.9,16.5,13.0,18.55,41091.62,1
2023-09-13,0.0,0.0,28.7,18.0,16.1,20.66,42096.59,0
2023-09-14,0.0,0.0,30.7,20.4,14.5,19.7,43042.92,0
2023-09-15,1.4,1.4,24.9,18.8,18.8,18.57,39600.0,1
2023-09-16,1.2,1.2,23.3,18.8,20.1,18.5,39954.56,1
2023-09-17,8.1,8.1,22.0,16.8,34.5,15.17,40521.82,1
2023-09-18,0.2,0.2,23.1,15.5,14.6,15.71,40572.78,1
2023-09-19,0.0,0.0,26.2,14.1,18.5,20.29,41346.23,0
2023-09-20,0.0,0.0,22.5,14.9,17.4,16.83,40832.69,0
2023-09-21,3.1,3.1,23.4,16.9,22.8,11.45,18223.54,1
2023-09-22,0.4,0.4,22.9,15.6,16.3,15.65,39698.95,1
2023-09-23,0.0,0.0,26.1,14.8,15.5,20.49,40470.62,0
2023-09-24,0.0,0.0,29.0,15.9,16.2,20.19,40546.47,0
2023-09-25,0.0,0.0,31.1,16.2,20.7,19.76,40034.12,0
2023-09-26,0.0,0.0,29.8,17.9,15.5,18.91,36000.0,0
2023-09-27,0.0,0.0,28.4,15.3,13.6,19.5,39600.0,0
2023-09-28,0.0,0.0,30.1,17.2,19.3,18.91,38033.02,0
2023-09-29,0.0,0.0,34.3,18.8,15.8,19.05,39726.17,0
2023-09-30,0.0,0.0,33.6,19.9,15.1,19.01,39754.16,0
2023-10-01,0.0,0.0,32.0,17.3,14.9,18.87,39600.0,0
2023-10-02,0.0,0.0,27.2,16.7,14.5,17.0,39600.0,0
2023-10-03,0.0,0.0,30.1,18.3,16.4,18.27,39600.0,0
2023-10-04,0.0,0.0,29.5,16.9,9.4,18.31,39600.0,0
2023-10-05,0.0,0.0,30.4,15.9,14.0,17.81,37601.21,0
2023-10-06,0.0,0.0,30.3,19.4,13.5,17.22,34492.36,0
2023-10-07,0.0,0.0,30.8,17.4,14.3,17.38,39600.0,0
2023-10-08,0.0,0.0,31.9,18.0,10.7,17.62,39600.0,0
2023-10-09,0.0,0.0,32.0,18.1,21.0,17.53,39600.0,0
2023-10-10,0.0,0.0,29.7,17.0,15.6,16.83,39600.0,0
2023-10-11,0.0,0.0,27.3,16.9,14.0,16.31,39600.0,0
2023-10-12,0.0,0.0,28.9,15.3,15.3,16.45,39546.36,0
2023-10-13,0.4,0.4,24.4,18.3,22.9,7.3,11147.35,1
2023-10-14,0.3,0.3,25.7,16.3,15.0,14.82,39368.16,1
2023-10-15,5.3,5.3,22.3,15.9,23.3,7.41,19042.54,1
2023-10-16,2.2,2.2,23.5,19.0,34.2,6.95,11393.88,1
2023-10-17,36.7,36.7,21.1,18.9,37.2,4.22,1322.67,1
2023-10-18,1.3,1.3,22.4,18.2,30.0,13.24,37845.65,1
2023-10-19,30.1,30.1,20.6,15.9,39.1,3.82,7633.4,1
2023-10-20,3.2,3.2,19.6,13.9,25.2,12.58,38853.84,1
2023-10-21,2.9,2.9,19.2,12.8,10.8,9.76,26656.77,1
2023-10-22,3.9,3.9,16.9,13.2,19.7,5.84,5322.98,1
2023-10-23,2.6,2.6,18.5,12.4,13.6,12.99,38613.52,1
2023-10-24,8.6,8.6,20.6,13.2,31.4,5.04,6207.11,1
2023-10-25,0.7,0.7,21.9,17.1,21.6,10.16,32383.61,1
2023-10-26,4.4,4.4,21.3,16.5,35.4,6.12,12892.57,1
2023-10-27,1.7,1.7,20.0,15.8,22.3,11.95,35856.95,1
2023-10-28,1.4,1.4,20.3,17.1,27.0,10.23,34462.32,1
2023-10-29,17.4,17.4,19.6,15.5,26.8,6.29,9553.44,1
2023-10-30,0.0,0.0,19.2,13.6,17.3,12.77,35044.64,0
2023-10-31,2.6,2.6,19.0,12.9,15.3,7.01,10470.84,1
2023-11-01,5.1,5.1,20.5,16.8,30.8,8.58,23254.84,1
2023-11-02,2.5,2.5,19.4,14.8,36.8,8.45,25515.02,1
2023-11-03,0.0,0.0,18.1,14.7,26.5,7.13,21152.67,0
2023-11-04,3.5,3.5,19.9,15.9,36.4,5.55,20423.17,1
2023-11-05,0.1,0.1,17.8,11.8,20.3,11.56,35372.57,1
2023-11-06,0.2,0.2,17.0,9.6,19.1,11.59,35657.06,1
2023-11-07,0.1,0.1,18.2,9.3,14.8,11.49,34240.36,1
2023-11-08,8.3,8.3,18.0,11.1,23.0,4.49,5924.83,1
2023-11-09,3.1,3.1,18.7,11.8,22.6,10.47,33605.8,1
2023-11-10,0.1,0.1,19.5,11.8,17.1,8.82,27780.24,1
2023-11-11,0.5,0.5,20.4,16.5,17.7,9.69,32785.09,1
2023-11-12,0.1,0.1,21.1,15.2,16.5,9.96,31654.83,1
2023-11-13,0.2,0.2,20.7,13.9,9.0,9.12,23136.92,1
2023-11-14,0.0,0.0,19.7,13.1,6.8,9.69,30016.03,0
2023-11-15,0.0,0.0,20.6,12.4,11.5,10.02,32604.14,0
2023-11-16,0.2,0.2,21.2,15.9,8.5,7.59,25231.76,1
2023-11-17,0.0,0.0,20.1,14.3,11.8,9.55,32675.92,0
2023-11-18,0.0,0.0,18.6,13.0,12.8,10.03,31716.57,0
2023-11-19,0.0,0.0,19.3,12.7,9.5,9.14,26968.43,0
2023-11-20,0.0,0.0,20.3,12.5,16.3,9.1,26831.06,0
2023-11-21,0.0,0.0,16.4,12.0,21.6,11.32,33482.04,0
2023-11-22,0.0,0.0,17.1,10.6,18.1,11.17,33187.43,0
2023-11-23,0.0,0.0,16.1,9.5,17.1,10.95,32891.23,0
2023-11-24,0.0,0.0,17.4,6.8,9.7,11.06,32926.48,0
2023-11-25,0.0,0.0,17.8,8.4,10.8,10.01,32627.62,0
2023-11-26,0.0,0.0,16.0,8.6,8.6,6.54,19829.3,0
2023-11-27,0.2,0.2,17.9,11.1,10.9,6.2,18000.0,1
2023-11-28,10.2,10.2,18.9,15.7,23.2,6.75,21471.22,1
2023-11-29,1.6,1.6,18.9,15.7,22.2,6.96,31782.45,1
2023-11-30,36.8,36.8,18.0,12.3,41.2,2.25,0.0,1
2023-12-01,0.4,0.4,14.4,8.7,21.1,8.94,32400.0,1
2023-12-02,0.1,0.1,15.2,7.9,10.5,9.22,32400.0,1
2023-12-03,6.8,6.8,16.3,6.6,27.1,5.59,18908.27,1
2023-12-04,9.6,9.6,16.9,10.8,27.1,8.24,28911.93,1
2023-12-05,5.4,5.4,11.6,10.2,25.6,1.47,0.0,1
2023-12-06,0.0,0.0,13.8,8.9,20.2,7.71,30159.39,0
2023-12-07,8.0,8.0,18.6,11.0,29.6,3.04,3600.0,1
2023-12-08,0.0,0.0,17.4,12.3,14.2,5.13,16137.04,0
2023-12-09,0.9,0.9,19.2,14.6,18.0,5.43,18000.0,1
2023-12-10,0.6,0.6,18.6,13.9,13.5,6.2,24816.71,1
2023-12-11,0.3,0.3,18.5,11.6,14.3,6.99,25455.31,1
2023-12-12,2.8,2.8,18.9,14.6,23.5,6.87,25778.95,1
2023-12-13,0.0,0.0,15.8,10.8,20.5,8.7,32400.0,0
2023-12-14,0.0,0.0,15.1,10.1,18.9,9.62,32400.0,0
2023-12-15,0.0,0.0,15.7,8.3,19.8,9.41,32400.0,0
2023-12-16,0.0,0.0,15.5,8.8,18.2,9.88,32400.0,0
2023-12-17,0.0,0.0,14.2,7.4,13.1,9.89,32400.0,0
2023-12-18,0.0,0.0,12.9,6.4,14.3,9.84,32400.0,0
2023-12-19,0.0,0.0,13.9,5.0,13.3,9.85,32400.0,0
2023-12-20,0.0,0.0,15.9,10.6,26.7,8.61,28800.0,0
2023-12-21,0.0,0.0,15.8,9.4,21.0,9.46,32400.0,0
2023-12-22,0.0,0.0,17.0,6.9,11.3,9.73,32400.0,0
2023-12-23,0.0,0.0,14.5,7.5,14.5,9.71,32400.0,0
2023-12-24,0.0,0.0,14.0,6.6,11.0,9.23,32400.0,0
2023-12-25,0.0,0.0,12.6,6.8,9.2,4.68,10775.84,0
2023-12-26,0.0,0.0,14.1,7.0,11.9,8.52,27709.68,0
2023-12-27,0.9,0.9,12.0,6.2,15.3,5.34,16456.83,1
2023-12-28,0.3,0.3,14.9,8.8,9.5,5.54,19153.12,1
2023-12-29,0.0,0.0,13.4,8.1,11.5,6.92,21100.94,0
2023-12-30,0.5,0.5,16.0,8.2,12.8,7.1,29493.66,1
2023-12-31,0.8,0.8,14.8,8.7,11.5,3.94,11843.52,1
2024-01-01,0.0,0.0,14.9,6.3,9.8,9.37,32400.0,0
2024-01-02,9.4,9.4,17.9,11.3,29.3,5.39,17946.15,1
2024-01-03,12.7,12.7,16.7,13.1,22.9,1.5,0.0,1
2024-01-04,2.9,2.9,16.6,12.1,18.6,7.38,29822.95,1
2024-01-05,0.5,0.5,14.0,8.9,23.7,9.07,32400.0,1
2024-01-06,0.0,0.0,14.0,6.9,9.4,7.73,25863.3,0
2024-01-07,0.0,0.0,11.8,5.6,9.8,9.68,32983.61,0
2024-01-08,14.7,14.7,10.3,5.5,15.1,1.89,0.0,1
2024-01-09,0.0,0.0,13.5,9.4,14.9,5.54,15292.81,0
2024-01-10,0.2,0.2,15.6,7.7,9.0,8.86,32891.89,1
2024-01-11,0.1,0.1,14.4,7.3,13.0,8.36,32400.0,1
2024-01-12,0.7,0.7,14.8,6.5,18.7,8.26,28156.01,1
2024-01-13,15.7,15.7,18.9,13.3,23.4,6.07,13925.89,1
2024-01-14,8.8,8.8,18.1,15.1,21.0,4.67,10800.0,1
2024-01-15,3.0,3.0,17.8,16.4,26.5,3.78,5313.82,1
2024-01-16,20.2,20.2,19.4,15.1,42.7,7.14,23358.58,1
2024-01-17,8.3,8.3,17.6,13.5,36.9,8.85,28800.0,1
2024-01-18,12.6,12.6,16.6,13.0,22.8,6.55,21575.75,1
2024-01-19,26.8,26.8,15.0,11.3,31.6,6.52,20197.34,1
2024-01-20,0.0,0.0,14.4,7.4,12.5,10.98,34762.95,0
2024-01-21,0.0,0.0,13.8,6.0,11.1,11.26,34831.02,0
2024-01-22,0.0,0.0,15.1,6.1,8.9,10.14,34899.68,0
2024-01-23,0.0,0.0,18.5,10.9,17.1,10.72,32687.58,0
2024-01-24,0.0,0.0,19.1,11.1,13.3,11.46,35038.3,0
2024-01-25,0.0,0.0,19.4,11.5,14.0,11.58,35108.05,0
2024-01-26,0.0,0.0,18.9,12.5,15.3,10.89,33701.01,0
2024-01-27,0.0,0.0,18.8,10.5,10.9,10.09,35247.9,0
2024-01-28,0.0,0.0,17.9,10.6,10.3,7.65,18027.46,0
2024-01-29,0.0,0.0,18.3,9.1,12.4,10.35,34728.48,0
2024-01-30,0.0,0.0,18.6,10.2,12.9,10.05,33717.02,0
2024-01-31,0.0,0.0,17.9,10.7,15.1,11.88,35526.21,0
2024-02-01,0.0,0.0,18.4,10.4,15.3,12.63,35594.91,0
2024-02-02,0.0,0.0,18.8,10.2,12.3,12.66,35663.35,0
2024-02-03,0.0,0.0,16.8,8.6,9.8,12.64,35732.1,0
2024-02-04,0.0,0.0,16.7,9.0,11.8,11.25,32169.2,0
2024-02-05,0.0,0.0,17.6,10.2,8.7,10.19,28406.66,0
2024-02-06,0.0,0.0,17.4,9.2,14.9,10.54,30518.81,0
2024-02-07,0.4,0.4,17.6,13.7,24.4,9.26,27798.58,1
2024-02-08,25.5,25.5,16.2,14.6,35.5,1.32,0.0,1
2024-02-09,7.1,7.1,16.4,12.8,38.5,9.69,32509.22,1
2024-02-10,0.7,0.7,14.5,8.9,25.9,11.96,36000.0,1
2024-02-11,29.6,29.6,18.2,10.5,31.2,6.12,14933.04,1
2024-02-12,0.8,0.8,19.0,14.1,29.4,13.11,34297.7,1
2024-02-13,1.6,1.6,18.7,13.8,18.3,4.84,3542.24,1
2024-02-14,0.2,0.2,21.9,13.8,16.1,10.57,27989.19,1
2024-02-15,4.3,4.3,18.7,12.7,29.2,9.86,28800.0,1
2024-02-16,0.0,0.0,18.1,11.7,10.1,9.99,28974.21,0
2024-02-17,0.0,0.0,19.5,11.6,12.1,13.5,36032.43,0
2024-02-18,0.0,0.0,19.6,10.9,14.8,14.42,36299.91,0
2024-02-19,0.0,0.0,21.2,12.8,12.9,14.35,33186.87,0
2024-02-20,0.0,0.0,21.6,12.9,13.3,15.39,37136.43,0
2024-02-21,0.0,0.0,20.0,10.4,12.1,14.39,30002.42,0
2024-02-22,1.9,1.9,17.4,10.7,27.8,5.29,3433.68,1
2024-02-23,0.6,0.6,14.5,10.8,27.5,12.7,37008.26,1
2024-02-24,0.7,0.7,15.1,10.9,24.2,11.59,34640.45,1
2024-02-25,3.5,3.5,16.5,13.6,31.8,10.26,29575.44,1
2024-02-26,4.3,4.3,13.8,10.7,35.5,13.95,36269.41,1
2024-02-27,0.0,0.0,14.4,9.8,31.1,16.7,38572.73,0
2024-02-28,0.0,0.0,16.1,10.1,24.5,16.33,38658.41,0
2024-02-29,0.0,0.0,16.2,10.7,27.9,12.32,28800.0,0
2024-03-01,0.6,0.6,15.4,10.3,17.4,13.62,36990.95,1
2024-03-02,2.5,2.5,14.4,10.2,33.5,4.21,4462.46,1
2024-03-03,0.0,0.0,16.0,10.1,21.1,11.22,32089.25,0
2024-03-04,1.0,1.0,16.8,9.3,20.6,14.98,29125.19,1
2024-03-05,0.2,0.2,16.6,7.0,9.7,15.86,39482.49,1
2024-03-06,0.6,0.6,15.5,5.8,18.5,15.1,36869.06,1
2024-03-07,13.5,13.5,13.3,9.8,32.0,14.52,34668.38,1
2024-03-08,11.2,11.2,13.8,9.7,40.0,9.33,21461.43,1
2024-03-09,4.2,4.2,12.9,8.9,37.6,13.88,35550.93,1
2024-03-10,1.8,1.8,15.4,10.4,30.6,15.87,40030.39,1
2024-03-11,0.5,0.5,17.4,8.8,14.2,16.02,40886.48,1
2024-03-12,0.0,0.0,18.1,7.9,9.7,17.61,37710.43,0
2024-03-13,0.0,0.0,18.0,8.9,15.5,18.89,41118.88,0
2024-03-14,3.4,3.4,17.4,9.3,22.6,13.99,37139.17,1
2024-03-15,2.0,2.0,17.4,13.6,18.5,7.33,6532.55,1
2024-03-16,0.0,0.0,20.2,13.1,9.0,14.39,23520.32,0
2024-03-17,0.0,0.0,23.3,13.0,11.5,16.95,36376.66,0
2024-03-18,0.0,0.0,22.4,11.3,16.2,18.56,42144.07,0
2024-03-19,0.0,0.0,20.2,9.8,13.6,18.42,42231.85,0
2024-03-20,0.3,0.3,19.2,8.6,25.4,18.03,39652.34,1
2024-03-21,0.1,0.1,21.6,9.8,24.0,17.15,40925.34,1
2024-03-22,0.0,0.0,25.7,14.3,25.4,20.33,42405.87,0
2024-03-23,0.0,0.0,26.1,15.6,23.4,16.59,28034.31,0
2024-03-24,0.0,0.0,25.1,15.7,23.6,16.55,30356.93,0
2024-03-25,1.1,1.1,16.0,9.3,32.9,15.44,36959.08,1
2024-03-26,1.7,1.7,14.2,7.0,35.7,15.23,37791.89,1
2024-03-27,13.5,13.5,15.4,12.6,44.4,6.3,8085.72,1
2024-03-28,15.6,15.6,17.0,11.1,40.8,8.1,14722.53,1
2024-03-29,5.4,5.4,14.5,9.7,28.1,17.0,31510.9,1
2024-03-30,7.7,7.7,14.5,9.4,23.2,16.95,38217.72,1
2024-03-31,2.7,2.7,14.3,9.0,24.5,20.23,42841.4,1
2024-04-01,1.0,1.0,16.2,11.1,21.6,18.63,43066.06,1
2024-04-02,4.6,4.6,17.1,11.9,31.1,7.7,7569.09,1
2024-04-03,0.4,0.4,18.6,11.4,16.5,19.88,38180.85,1
2024-04-04,0.0,0.0,17.5,11.5,16.6,22.5,40639.1,0
2024-04-05,0.0,0.0,24.0,12.7,27.8,23.28,40415.19,0
2024-04-06,0.2,0.2,18.1,13.7,19.7,8.75,825.45,1
2024-04-07,4.6,4.6,18.9,12.1,18.0,18.63,34938.28,1
2024-04-08,0.8,0.8,16.9,10.9,27.2,21.53,42434.23,1
2024-04-09,0.0,0.0,19.0,9.4,20.0,24.98,46009.57,0
2024-04-10,0.0,0.0,22.8,10.4,17.3,24.08,46099.43,0
2024-04-11,0.0,0.0,27.2,15.6,17.8,24.42,46188.89,0
2024-04-12,0.0,0.0,26.3,14.3,19.5,24.68,46277.85,0
2024-04-13,0.0,0.0,27.2,15.1,14.0,25.0,46366.21,0
2024-04-14,0.0,0.0,25.7,16.7,12.8,25.2,46453.88,0
2024-04-15,0.0,0.0,24.4,14.1,22.8,25.86,46540.76,0
2024-04-16,0.0,0.0,25.1,13.1,18.3,26.11,46626.74,0
2024-04-17,0.0,0.0,27.1,11.5,17.9,24.53,46545.02,0
2024-04-18,0.0,0.0,22.8,14.8,13.6,24.98,46795.62,0
2024-04-19,0.7,0.7,19.8,14.6,18.9,17.91,32909.76,1
2024-04-20,1.8,1.8,22.2,14.6,16.9,19.31,41146.45,1
2024-04-21,0.0,0.0,24.6,13.2,12.0,25.38,46800.0,0
2024-04-22,0.0,0.0,26.0,12.5,18.4,26.11,46800.0,0
2024-04-23,0.0,0.0,23.6,13.7,21.1,27.14,46800.0,0
2024-04-24,0.0,0.0,22.6,11.3,21.2,23.82,46800.0,0
2024-04-25,0.0,0.0,18.5,12.6,24.7,20.76,42153.98,0
2024-04-26,4.7,4.7,16.7,12.1,26.6,18.57,41064.41,1
2024-04-27,0.5,0.5,16.8,11.1,23.9,23.67,46800.0,1
2024-04-28,0.6,0.6,16.7,8.2,20.8,24.52,46800.0,1
2024-04-29,0.0,0.0,18.3,10.6,20.5,25.18,45821.8,0
2024-04-30,1.5,1.5,18.0,11.3,21.8,16.29,39511.38,1
2024-05-01,0.6,0.6,16.2,10.5,25.0,24.35,46800.0,1
2024-05-02,0.1,0.1,17.3,9.2,19.0,21.72,46800.0,1
2024-05-03,0.0,0.0,18.6,9.2,17.1,26.56,46800.0,0
2024-05-04,0.9,0.9,19.7,13.0,21.7,16.13,25200.0,1
2024-05-05,4.0,4.0,19.1,15.2,25.5,14.77,22771.24,1
2024-05-06,0.0,0.0,20.9,12.5,18.8,26.91,46853.41,0
2024-05-07,0.0,0.0,25.1,11.8,19.8,27.82,46800.0,0
2024-05-08,0.0,0.0,28.8,16.5,17.8,27.93,46800.0,0
2024-05-09,0.0,0.0,24.7,16.7,16.4,27.03,43492.03,0
2024-05-10,0.0,0.0,26.5,14.7,17.3,27.66,47383.56,0
2024-05-11,0.0,0.0,23.1,14.6,22.3,27.96,47043.39,0
2024-05-12,0.0,0.0,22.0,14.0,24.7,27.8,47019.38,0
2024-05-13,0.4,0.4,21.0,14.1,19.6,15.1,16912.88,1
2024-05-14,0.3,0.3,18.6,13.2,23.3,20.77,46680.45,1
2024-05-15,0.8,0.8,18.2,12.8,21.1,21.96,46800.0,1
2024-05-16,2.4,2.4,20.3,13.9,23.5,15.79,23679.06,1
2024-05-17,0.3,0.3,19.8,13.2,19.8,24.15,47540.7,1
2024-05-18,0.5,0.5,20.3,12.3,19.3,23.85,47197.27,1
2024-05-19,0.4,0.4,20.3,12.4,22.1,23.6,47496.17,1
2024-05-20,0.5,0.5,19.7,12.7,20.5,24.55,47796.52,1
2024-05-21,0.0,0.0,20.6,12.8,17.9,25.97,47775.37,0
2024-05-22,0.5,0.5,20.6,11.5,20.6,24.22,44478.01,1
2024-05-23,0.0,0.0,24.0,12.8,22.6,29.22,48931.53,0
2024-05-24,0.0,0.0,25.5,12.9,18.8,29.7,49514.72,0
2024-05-25,0.0,0.0,24.6,12.0,14.4,29.24,49157.35,0
2024-05-26,0.0,0.0,23.1,14.4,24.6,28.35,45051.58,0
2024-05-27,0.0,0.0,23.0,13.6,27.6,29.75,50399.92,0
2024-05-28,0.0,0.0,27.8,14.5,28.4,29.19,50475.62,0
2024-05-29,0.0,0.0,29.5,15.8,28.7,29.44,50835.14,0
2024-05-30,0.0,0.0,30.0,16.0,23.6,29.5,50538.36,0
2024-05-31,0.0,0.0,33.4,16.3,22.1,29.14,51226.68,0
2024-06-01,0.0,0.0,25.6,18.3,14.4,29.06,50932.64,0
2024-06-02,0.0,0.0,25.1,15.5,19.7,28.66,50629.54,0
2024-06-03,0.0,0.0,25.9,16.0,15.6,28.34,51320.77,0
2024-06-04,0.0,0.0,27.6,15.7,14.0,27.51,51352.46,0
2024-06-05,0.0,0.0,25.0,16.3,18.0,26.84,48449.99,0
2024-06-06,0.0,0.0,30.0,15.3,20.2,24.04,40535.96,0
2024-06-07,9.4,9.4,23.6,18.1,20.6,16.78,40373.37,1
2024-06-08,3.6,3.6,20.1,15.3,15.5,12.19,22346.99,1
2024-06-09,0.9,0.9,22.7,15.1,15.9,15.64,17337.95,1
2024-06-10,0.9,0.9,22.9,16.2,15.2,22.99,50177.19,1
2024-06-11,0.0,0.0,24.0,15.8,26.0,29.7,51433.51,0
2024-06-12,0.0,0.0,23.4,15.1,22.5,30.21,50929.45,0
2024-06-13,0.0,0.0,25.1,14.1,19.0,30.38,51957.37,0
2024-06-14,0.0,0.0,25.8,14.6,20.6,24.31,40368.61,0
2024-06-15,0.0,0.0,22.2,14.5,23.7,29.89,52343.88,0
2024-06-16,0.0,0.0,24.0,15.0,16.4,26.05,48808.51,0
2024-06-17,1.9,1.9,21.3,15.2,20.9,19.08,32773.5,1
2024-06-18,12.1,12.1,20.9,15.9,22.5,26.85,49387.9,1
2024-06-19,1.3,1.3,21.3,14.2,20.3,26.21,51095.45,1
2024-06-20,0.3,0.3,21.8,15.0,21.3,21.03,46033.08,1
2024-06-21,0.0,0.0,24.6,14.4,24.0,28.35,51462.83,0
2024-06-22,0.0,0.0,28.7,14.2,28.4,30.07,52138.71,0
2024-06-23,0.0,0.0,30.1,17.4,26.6,28.21,48944.95,0
2024-06-24,0.0,0.0,31.0,17.5,22.6,29.12,50655.89,0
2024-06-25,0.0,0.0,22.6,16.3,18.4,24.28,40870.59,0
2024-06-26,0.7,0.7,22.0,15.2,18.2,25.93,48032.82,1
2024-06-27,5.3,5.3,26.6,14.2,17.1,25.11,44454.42,1
2024-06-28,9.0,9.0,22.4,16.8,13.7,12.64,15516.17,1
2024-06-29,0.0,0.0,20.1,16.7,20.9,16.31,26796.15,0
2024-06-30,2.0,2.0,22.2,15.9,18.0,13.89,25865.36,1
2024-07-01,0.0,0.0,26.6,16.0,22.4,28.31,50400.0,0
2024-07-02,0.0,0.0,32.4,18.5,24.8,29.4,51575.93,0
2024-07-03,0.0,0.0,29.0,17.8,22.0,29.61,50923.78,0
2024-07-04,0.0,0.0,33.5,17.2,17.1,29.78,50936.38,0
2024-07-05,0.0,0.0,31.3,16.9,29.6,29.33,51271.07,0
2024-07-06,0.0,0.0,23.2,15.5,26.3,23.9,37323.11,0
2024-07-07,0.0,0.0,23.0,14.4,20.3,29.88,50938.71,0
2024-07-08,0.2,0.2,24.7,12.8,16.7,28.61,44179.27,1
2024-07-09,2.1,2.1,22.5,16.7,18.7,15.99,32114.5,1
2024-07-10,0.1,0.1,26.7,18.8,15.2,26.12,44877.64,1
2024-07-11,0.0,0.0,27.5,19.0,17.1,23.39,43458.36,0
2024-07-12,0.0,0.0,27.8,16.7,21.3,27.63,42841.36,0
2024-07-13,0.0,0.0,25.9,14.8,16.5,29.11,50567.95,0
2024-07-14,0.0,0.0,23.8,13.9,17.9,27.11,50556.16,0
2024-07-15,0.5,0.5,25.3,17.5,16.6,28.02,46548.27,1
2024-07-16,0.0,0.0,25.9,16.4,19.9,28.85,50114.04,0
2024-07-17,0.0,0.0,28.3,15.6,15.4,29.28,50185.73,0
2024-07-18,0.0,0.0,32.9,16.5,15.7,28.99,50169.14,0
2024-07-19,0.0,0.0,31.5,18.6,17.9,29.03,49867.35,0
2024-07-20,0.3,0.3,26.9,19.3,19.5,19.77,38905.86,1
2024-07-21,0.0,0.0,26.4,16.9,23.9,28.78,49917.01,0
2024-07-22,0.0,0.0,36.6,17.7,16.3,28.69,49872.68,0
2024-07-23,0.0,0.0,35.6,22.9,12.0,28.33,49826.78,0
2024-07-24,0.0,0.0,36.4,18.9,18.2,29.1,49779.34,0
2024-07-25,0.0,0.0,26.3,18.8,18.7,26.35,44858.78,0
2024-07-26,0.0,0.0,29.3,18.9,23.2,26.66,47035.39,0
2024-07-27,0.0,0.0,28.0,18.9,17.1,25.84,42097.4,0
2024-07-28,0.0,0.0,32.0,18.0,16.3,27.43,49536.14,0
2024-07-29,10.1,10.1,34.0,21.8,28.0,14.68,28520.87,1
2024-07-30,0.0,0.0,27.1,19.3,14.5,25.56,48943.43,0
2024-07-31,0.0,0.0,29.8,19.0,19.5,26.74,43256.2,0
2024-08-01,0.0,0.0,27.4,19.4,21.5,26.82,44129.34,0
2024-08-02,0.0,0.0,27.6,18.9,24.7,27.2,48383.75,0
2024-08-03,0.0,0.0,29.0,18.2,22.3,27.3,48409.55,0
2024-08-04,0.0,0.0,32.8,18.6,23.5,27.19,48123.35,0
2024-08-05,0.0,0.0,29.7,19.2,25.0,27.44,47839.16,0
2024-08-06,0.0,0.0,29.4,20.0,24.5,24.14,40511.04,0
2024-08-07,0.0,0.0,29.2,18.7,21.2,26.49,46430.75,0
2024-08-08,0.0,0.0,26.9,18.1,20.6,26.54,46691.76,0
2024-08-09,0.0,0.0,32.4,18.5,15.2,25.98,42786.21,0
2024-08-10,0.0,0.0,31.4,18.0,14.5,26.18,47065.62,0
2024-08-11,0.0,0.0,29.7,17.4,19.2,26.12,46249.01,0
2024-08-12,0.0,0.0,28.6,19.1,24.3,24.95,41304.38,0
2024-08-13,0.0,0.0,26.2,18.6,20.0,24.55,43200.0,0
2024-08-14,0.0,0.0,27.3,19.4,26.7,23.19,39943.05,0
2024-08-15,0.0,0.0,34.9,19.4,24.9,25.83,46800.0,0
2024-08-16,0.0,0.0,36.8,20.6,25.8,26.04,46800.0,0
2024-08-17,0.0,0.0,33.3,20.7,27.0,25.55,46800.0,0
2024-08-18,0.0,0.0,29.9,20.1,28.5,22.34,39600.0,0
2024-08-19,0.0,0.0,28.3,18.9,26.4,24.5,46800.0,0
2024-08-20,0.0,0.0,28.9,19.5,28.1,23.0,36186.2,0
2024-08-21,0.0,0.0,29.5,17.8,19.8,25.13,46745.54,0
2024-08-22,0.0,0.0,25.9,17.2,21.5,22.95,46692.66,0
2024-08-23,0.0,0.0,29.1,18.2,18.7,24.01,39874.82,0
2024-08-24,0.0,0.0,29.3,18.2,22.8,23.61,45411.41,0
2024-08-25,0.0,0.0,28.3,16.4,24.7,25.29,46533.96,0
2024-08-26,0.0,0.0,31.0,16.7,19.3,24.13,46481.07,0
2024-08-27,0.0,0.0,28.7,16.7,19.6,24.31,44875.9,0
2024-08-28,0.0,0.0,27.8,16.2,25.4,22.81,38902.24,0
2024-08-29,0.0,0.0,25.2,17.9,21.9,18.35,32632.26,0
2024-08-30,0.0,0.0,26.1,17.5,18.5,21.83,43159.2,0
2024-08-31,0.0,0.0,25.9,17.9,21.0,18.98,35593.61,0
2024-09-01,0.0,0.0,26.7,18.3,23.2,21.43,39221.82,0
2024-09-02,0.0,0.0,24.5,16.6,25.3,18.96,39262.19,0
2024-09-03,0.0,0.0,22.5,15.9,29.7,23.26,45991.05,0
2024-09-04,0.0,0.0,28.3,15.7,30.1,23.33,45845.84,0
2024-09-05,0.0,0.0,25.4,15.6,29.3,23.31,44827.25,0
2024-09-06,0.0,0.0,22.2,14.2,21.2,22.89,45555.48,0
2024-09-07,0.0,0.0,24.7,12.4,17.6,21.11,45280.72,0
2024-09-08,0.0,0.0,25.2,14.8,20.3,22.15,44916.72,0
2024-09-09,0.0,0.0,25.9,17.1,21.7,22.04,41994.89,0
2024-09-10,0.0,0.0,24.1,16.4,27.1,21.86,41401.91,0
2024-09-11,0.0,0.0,26.1,15.7,34.7,22.0,44060.37,0
2024-09-12,0.0,0.0,26.8,17.0,30.0,21.29,42362.84,0
2024-09-13,0.0,0.0,31.5,17.4,24.8,21.59,43317.95,0
2024-09-14,0.0,0.0,29.9,20.1,20.1,21.12,43389.86,0
2024-09-15,0.0,0.0,32.7,20.5,22.9,21.29,43462.4,0
2024-09-16,0.0,0.0,33.8,20.6,20.8,21.47,42652.93,0
2024-09-17,0.0,0.0,31.8,20.0,18.5,21.47,42726.78,0
2024-09-18,0.3,0.3,25.5,16.1,17.1,17.62,33761.7,1
2024-09-19,0.2,0.2,25.2,16.6,15.5,18.24,39766.5,1
2024-09-20,1.3,1.3,24.5,17.0,15.9,16.97,36000.0,1
2024-09-21,0.5,0.5,23.8,16.0,16.1,17.9,39863.61,1
2024-09-22,0.6,0.6,22.8,14.9,15.3,16.64,36696.11,1
2024-09-23,0.0,0.0,23.4,14.5,17.8,19.22,39960.43,0
2024-09-24,1.3,1.3,22.6,14.4,20.3,9.15,8150.1,1
2024-09-25,2.8,2.8,22.2,19.7,22.2,7.13,1609.81,1
2024-09-26,2.4,2.4,24.2,16.9,26.6,12.47,25200.0,1
2024-09-27,0.2,0.2,22.5,14.5,18.7,18.26,39600.0,1
2024-09-28,0.0,0.0,24.0,12.9,17.3,18.93,39719.23,0
2024-09-29,0.0,0.0,26.7,13.9,16.5,19.29,39747.21,0
2024-09-30,0.0,0.0,27.4,14.5,16.7,17.46,39600.0,0
2024-10-01,0.2,0.2,25.6,18.1,12.6,14.67,33424.48,1
2024-10-02,0.7,0.7,23.4,20.0,21.4,8.68,14704.2,1
2024-10-03,0.3,0.3,24.8,19.5,16.7,12.21,33245.27,1
2024-10-04,0.2,0.2,23.6,19.3,15.2,9.5,16278.59,1
2024-10-05,0.8,0.8,23.4,19.7,18.6,10.86,23689.7,1
2024-10-06,0.9,0.9,22.4,19.4,25.0,9.58,24060.91,1
2024-10-07,22.3,22.3,21.7,17.2,28.9,14.38,39600.0,1
2024-10-08,1.1,1.1,22.2,17.2,28.2,11.1,25216.57,1
2024-10-09,3.7,3.7,21.9,15.6,41.0,10.49,29823.73,1
2024-10-10,1.3,1.3,21.0,14.7,12.6,13.37,37559.98,1
2024-10-11,18.6,18.6,22.9,17.5,29.8,8.99,14500.21,1
2024-10-12,6.0,6.0,22.5,17.2,22.0,14.01,39471.78,1
2024-10-13,1.1,1.1,24.1,16.0,19.5,14.0,39383.36,1
2024-10-14,0.0,0.0,23.8,15.6,13.8,13.97,39296.03,0
2024-10-15,39.8,39.8,20.8,17.7,28.1,4.87,5758.14,1
2024-10-16,6.9,6.9,20.9,15.2,24.6,11.13,28800.0,1
2024-10-17,0.5,0.5,20.6,14.5,18.7,14.32,39041.68,1
2024-10-18,0.4,0.4,21.5,14.6,15.8,12.51,37269.48,1
2024-10-19,0.1,0.1,20.9,15.1,14.2,10.95,31461.9,1
2024-10-20,0.0,0.0,21.7,14.4,9.1,13.06,38799.01,0
2024-10-21,0.0,0.0,23.3,12.5,19.4,13.34,36031.46,0
2024-10-22,0.0,0.0,24.1,16.0,19.1,14.79,38639.94,0
2024-10-23,0.0,0.0,24.5,15.8,13.1,14.7,38561.27,0
2024-10-24,0.4,0.4,22.6,15.4,14.7,10.77,35576.62,1
2024-10-25,0.1,0.1,17.7,13.3,23.9,13.01,38137.38,1
2024-10-26,3.1,3.1,17.6,11.4,25.3,8.16,25393.69,1
2024-10-27,0.3,0.3,18.3,12.4,17.3,12.0,36233.68,1
2024-10-28,0.0,0.0,18.8,11.8,22.6,13.32,37149.46,0
2024-10-29,0.4,0.4,21.6,15.8,24.2,10.5,31129.25,1
2024-10-30,0.1,0.1,18.8,12.7,21.9,11.83,32558.3,1
2024-10-31,3.0,3.0,20.2,13.4,12.8,11.85,36131.55,1
2024-11-01,1.8,1.8,19.2,13.4,12.0,9.55,28800.0,1
2024-11-02,1.1,1.1,20.9,14.5,13.1,11.79,34096.0,1
2024-11-03,0.1,0.1,21.9,13.7,14.1,9.96,25633.69,1
2024-11-04,16.7,16.7,19.6,16.0,19.5,5.63,11845.38,1
2024-11-05,7.4,7.4,20.6,17.3,20.9,8.02,26857.51,1
2024-11-06,0.3,0.3,22.1,15.9,12.6,10.25,25902.47,1
2024-11-07,0.0,0.0,22.7,13.8,12.1,11.73,35086.23,0
2024-11-08,1.3,1.3,21.2,15.4,10.4,8.18,24491.36,1
2024-11-09,0.0,0.0,20.4,13.8,13.1,11.85,33638.43,0
2024-11-10,0.0,0.0,22.7,13.3,20.2,11.83,34888.92,0
2024-11-11,0.0,0.0,21.6,15.9,19.9,11.6,34107.29,0
2024-11-12,0.0,0.0,19.0,13.2,18.2,12.08,34774.21,0
2024-11-13,0.0,0.0,14.6,9.4,20.3,11.03,34733.0,0
2024-11-14,1.1,1.1,15.8,8.7,17.4,6.78,22407.72,1
2024-11-15,6.2,6.2,18.7,12.6,20.6,6.51,11635.23,1
2024-11-16,0.8,0.8,21.3,13.9,18.6,9.77,32400.0,1
2024-11-17,1.6,1.6,20.2,14.1,13.4,9.68,33034.43,1
2024-11-18,0.5,0.5,18.8,12.6,10.9,9.06,33071.55,1
2024-11-19,0.4,0.4,19.2,12.3,9.6,9.87,32447.99,1
2024-11-20,0.0,0.0,17.6,11.7,11.2,7.09,23653.65,0
2024-11-21,0.2,0.2,18.2,14.1,18.4,6.44,25984.18,1
2024-11-22,0.0,0.0,19.5,14.3,14.8,9.12,32400.0,0
2024-11-23,0.0,0.0,21.7,13.3,14.7,10.07,32586.72,0
2024-11-24,17.5,17.5,21.6,16.7,32.2,3.56,14116.87,1
2024-11-25,5.9,5.9,18.0,12.4,30.4,8.79,32400.0,1
2024-11-26,0.1,0.1,17.2,12.4,6.6,8.81,25241.45,1
2024-11-27,0.0,0.0,16.0,9.4,10.1,10.37,32400.0,0
2024-11-28,0.0,0.0,21.6,10.7,17.8,9.48,29735.09,0
2024-11-29,0.2,0.2,20.5,16.7,13.7,6.22,20769.89,1
2024-11-30,0.0,0.0,20.6,13.7,7.6,7.49,23375.03,0
2024-12-01,1.2,1.2,19.1,14.5,12.2,4.74,14674.61,1
2024-12-02,0.6,0.6,17.4,12.8,15.3,7.6,32400.0,1
2024-12-03,0.0,0.0,17.0,12.5,15.7,6.31,19524.73,0
2024-12-04,0.1,0.1,18.9,12.0,14.6,8.89,32400.0,1
2024-12-05,0.1,0.1,19.0,10.9,12.7,8.27,32400.0,1
2024-12-06,0.0,0.0,18.5,13.1,10.5,7.55,32400.0,0
2024-12-07,0.0,0.0,18.0,11.9,25.5,8.24,28258.18,0
2024-12-08,0.0,0.0,14.6,10.1,24.8,10.04,32400.0,0
2024-12-09,0.0,0.0,14.0,9.2,22.4,9.83,32400.0,0
2024-12-10,0.0,0.0,12.4,5.9,7.9,9.74,32400.0,0
2024-12-11,0.0,0.0,12.3,5.8,12.5,9.69,32400.0,0
2024-12-12,0.0,0.0,12.1,6.3,12.0,9.31,32400.0,0
2024-12-13,1.5,1.5,13.8,6.4,10.2,7.97,32400.0,1
2024-12-14,3.5,3.5,14.1,8.9,12.3,8.26,26259.07,1
2024-12-15,0.0,0.0,14.1,8.3,17.1,8.54,30101.99,0
2024-12-16,0.0,0.0,15.3,7.2,15.0,8.02,32400.0,0
2024-12-17,1.5,1.5,17.7,9.8,17.4,7.36,27704.54,1
2024-12-18,0.2,0.2,18.9,14.7,24.0,7.24,29277.92,1
2024-12-19,0.9,0.9,17.8,11.5,21.8,8.62,32400.0,1
2024-12-20,0.0,0.0,14.9,9.2,16.8,9.62,32400.0,0
2024-12-21,0.0,0.0,13.8,7.4,15.4,9.76,32400.0,0
2024-12-22,0.0,0.0,17.1,8.1,20.2,9.47,32400.0,0
2024-12-23,0.0,0.0,15.6,10.4,25.0,9.54,32400.0,0
2024-12-24,0.0,0.0,15.6,8.3,22.0,9.59,32400.0,0
2024-12-25,0.0,0.0,15.0,8.9,13.4,9.42,32400.0,0
2024-12-26,0.0,0.0,15.7,9.3,14.5,9.14,32400.0,0
2024-12-27,0.0,0.0,14.6,8.5,11.3,9.36,32400.0,0
2024-12-28,0.0,0.0,14.3,8.1,13.9,9.42,32400.0,0
2024-12-29,0.0,0.0,13.6,7.3,13.6,9.76,32516.16,0
2024-12-30,0.0,0.0,13.1,6.5,12.4,9.66,32492.59,0
2024-12-31,0.0,0.0,13.2,7.0,12.5,8.85,32468.26,0
